[
    { "id": 1, "type": "client", "content": "Moto", "increment": 1.2, "img": "/moto.svg" },
    { "id": 2, "type": "client", "content": "Cuatriciclo", "increment": 1.5, "img": "/cuatriciclo.svg" },
    { "id": 3, "type": "client", "content": "Auto", "increment": 2, "img": "/auto.svg" },
    { "id": 4, "type": "client", "content": "Camioneta", "increment": 3, "img": "/camioneta.svg" },
    { "id": 5, "type": "client", "content": "Camion", "increment": 4, "img": "/camion.svg" },
    { "id": 6, "type": "servicio", "content": "Limpieza General", "increment": 1.2 },
    { "id": 7, "type": "servicio", "content": "Limpieza Profunda", "increment": 2 },
    { "id": 8, "type": "servicio", "content": "Limpieza Premium", "increment": 3 }
  ]